Gruppe,Navn,Tid,Mellomtider,Klasse,Deltagelser,Bestetid,BesteTidligere,BesteÅr,NyBestetid,Differanse,Maalpassering,Trappetid,StartenTid
Dame,Andrea Fosse,13:32,Starten 2:36 · Halvveis 6:45 · Trappene 11:54 · FV 12:46,Kvinner 18-34 år,5,13:01,13:01,2024,False,+0:31,2026-09-25T15:10:41.82,5:09,2:36
Dame,Line Quamme Thomassen,13:44,Starten 2:30 · Halvveis 6:44 · Trappene 12:00 · FV 12:52,Kvinner 40-44 år,17,12:06,12:06,2015,False,+1:38,2026-09-25T15:11:03.49,5:16,2:30
Dame,Annemarie B Aarnes,14:17,Starten 2:28 · Halvveis 6:58 · Trappene 12:38 · FV 13:31,Kvinner 45-49 år,13,14:10,14:10,2015,False,+0:07,2026-09-25T15:09:36.63,5:40,2:28
Dame,Vår Osborg,15:03,Starten 2:34 · Halvveis 7:29 · Trappene 13:26 · FV 14:16,Kvinner 18-34 år,1,,,,False,,2026-09-25T15:05:42.35,5:57,2:34
Dame,Ingrid Gjesteland,15:47,Starten 2:49 · Halvveis 7:37 · Trappene 13:49 · FV 14:42,Kvinner 35-39 år,6,14:28,14:28,2022,False,+1:19,2026-09-25T15:02:26.23,6:12,2:49
Dame,Nanna Andrea Dyrbye,15:51,Starten 2:34 · Halvveis 7:28 · Trappene 13:53 · FV 14:47,Kvinner 18-34 år,2,17:10,17:10,2025,True,-1:19,2026-09-25T15:05:50.16,6:25,2:34
Dame,Tina Evjen Nesse,17:32,Starten 3:06 · Halvveis 8:25 · Trappene 15:14 · FV 16:20,Kvinner 40-44 år,2,18:01,18:01,2024,True,-0:29,2026-09-25T15:05:31.76,6:49,3:06
Dame,Kristin Hatlen,17:59,Starten 3:19 · Halvveis 8:54 · Trappene 15:53 · FV 16:52,Kvinner 40-44 år,5,15:39,15:39,2025,False,+2:20,2026-09-25T15:03:58.04,6:59,3:19
Dame,Vilde Petterteig Hovland,18:15,Start 0:01 · Starten 3:04 · Halvveis 8:25 · Trappene 15:53 · FV 17:07,Kvinner 18-34 år,5,15:12,15:12,2025,False,+3:03,2026-09-25T15:12:04.84,7:27,3:04
Dame,Kari Lise Sande,19:18,Starten 3:15 · Halvveis 9:03 · Trappene 16:40 · FV 17:52,Kvinner 45-49 år,5,19:19,19:19,2021,True,-0:01,2026-09-25T15:01:47.21,7:37,3:15
Dame,Marta Gjerdåker,19:53,Starten 3:36 · Halvveis 9:52 · Trappene 17:30 · FV 18:43,Kvinner 45-49 år,16,16:30,16:30,2023,False,+3:23,2026-09-25T15:04:52.28,7:38,3:36
Dame,Amalie Fosse,20:42,Start 0:01 · Starten 3:24 · Halvveis 9:48 · Trappene 17:59 · FV 19:20,Kvinner 18-34 år,5,14:15,14:15,2024,False,+6:27,2026-09-25T15:08:51.79,8:11,3:24
Dame,Tilde Garmann Fadnes,20:46,Starten 3:16 · Halvveis 9:34 · Trappene 18:18 · FV 19:31,Jenter 10-11 år,1,,,,False,,2026-09-25T15:06:35.18,8:44,3:16
Dame,Renate Ekehaug Aasen,21:02,Starten 3:33 · Halvveis 10:00 · Trappene 18:26 · FV 19:40,Kvinner 35-39 år,13,17:40,17:40,2017,False,+3:22,2026-09-25T15:05:11.05,8:26,3:33
Dame,Guro Aksdal Hjelmervik,21:03,Starten 3:28 · Halvveis 9:54 · Trappene 18:22 · FV 19:30,Kvinner 45-49 år,2,27:13,27:13,2025,True,-6:10,2026-09-25T15:01:22.33,8:28,3:28
Dame,Linn Garborg,21:05,Starten 3:35 · Halvveis 10:02 · Trappene 18:21 · FV 19:27,Kvinner 40-44 år,1,,,,False,,2026-09-25T15:03:24.97,8:19,3:35
Dame,Maria Helsengreen,21:11,Starten 3:47 · Halvveis 10:18 · Trappene 18:27 · FV 19:48,Kvinner 60-64 år,1,,,,False,,2026-09-25T15:04:20.91,8:09,3:47
Dame,Ida-Helene Johnsen,22:04,Starten 3:49 · Halvveis 10:32 · Trappene 19:18 · FV 20:29,Kvinner 18-34 år,1,,,,False,,2026-09-25T15:07:13.76,8:46,3:49
Dame,Tale Halsør,22:16,Starten 3:57 · Halvveis 10:48 · Trappene 19:24 · FV 20:44,Kvinner 40-44 år,1,,,,False,,2026-09-25T15:03:15.49,8:36,3:57
Dame,Ingvild Foldøy Grutle,22:26,Starten 3:39 · Halvveis 10:23 · Trappene 19:36 · FV 20:53,Kvinner 40-44 år,4,22:00,22:00,2025,False,+0:26,2026-09-25T15:02:55.14,9:13,3:39
Dame,Elvøy Sophie,24:13,Starten 3:48 · Halvveis 11:13 · Trappene 21:06 · FV 22:30,Kvinner 18-34 år,1,,,,False,,2026-09-25T15:07:42.88,9:53,3:48
Dame,Merete Grøtt Grinde,26:13,Starten 4:15 · Halvveis 12:12 · Trappene 22:49 · FV 24:28,Kvinner 18-34 år,2,27:32,27:32,2025,True,-1:19,2026-09-25T15:06:22.5,10:37,4:15
Dame,Nina Kristine Sogn Arvidsen,26:19,Starten 3:38 · Halvveis 12:06 · Trappene 22:46 · FV 24:21,Kvinner 40-44 år,1,,,,False,,2026-09-25T15:09:18.43,10:40,3:38
Dame,Cathrine Øvrebø Lund,26:21,Starten 3:48 · Halvveis 11:44 · Trappene 22:51 · FV 24:24,Kvinner 40-44 år,1,,,,False,,2026-09-25T15:08:00.16,11:07,3:48
Dame,Lene Loug Hansen,35:11,Starten 4:50 · Halvveis 16:05 · Trappene 30:35 · FV 32:45,Kvinner 35-39 år,1,,,,False,,2026-09-25T15:18:30.71,14:30,4:50
Dame,Malene Rustad Berntsen,,,Kvinner 35-39 år,5,14:45,14:45,2010,False,,,,
Dame,Mona Wika Haraldsen,,,Kvinner 40-44 år,5,17:28,17:28,2023,False,,,,
Dame,Olga Kirova,,,Kvinner 45-49 år,0,,,,False,,,,
Dame,Silje Smitt,,,Kvinner 18-34 år,1,17:35,17:35,2024,False,,,,
Dame,Solveig Naustdal,,,Kvinner 18-34 år,0,,,,False,,,,
Mann,Ole Eirik Foshaugen,11:43,Starten 2:01 · Halvveis 5:30 · Trappene 10:11 · FV 11:02,Menn 35-39 år,5,11:12,11:12,2024,False,+0:31,2026-09-25T15:09:42.74,4:41,2:01
Mann,Morten Lekven,11:44,Starten 1:47 · Halvveis 5:28 · Trappene 10:18 · FV 11:01,Menn 18-34 år,1,,,,False,,2026-09-25T15:06:04,4:50,1:47
Mann,Ruben Husabø,12:29,Starten 2:08 · Halvveis 6:02 · Trappene 10:58 · FV 11:39,Menn 35-39 år,4,12:43,12:43,2024,True,-0:14,2026-09-25T15:10:38.29,4:56,2:08
Mann,Håvard Fadnes,12:38,Starten 1:56 · Halvveis 5:44 · Trappene 11:00 · FV 11:48,Menn 35-39 år,3,13:02,13:02,2025,True,-0:24,2026-09-25T15:01:07.11,5:16,1:56
Mann,Sigbjørn Blålid Refvik,12:53,Starten 2:21 · Halvveis 6:21 · Trappene 11:24 · FV 12:13,Menn 18-34 år,4,12:30,12:30,2025,False,+0:23,2026-09-25T15:10:42.04,5:03,2:21
Mann,Jakob B. Aarnes,13:09,Starten 2:01 · Halvveis 6:01 · Trappene 11:25 · FV 12:18,Gutter 15-17 år,2,12:58,12:58,2025,False,+0:11,2026-09-25T15:09:18.13,5:24,2:01
Mann,Thomas Dalen,13:25,Starten 2:09 · Halvveis 6:24 · Trappene 11:42 · FV 12:32,Menn 18-34 år,1,,,,False,,2026-09-25T15:09:14.38,5:18,2:09
Mann,Torgeir Midthun Fadnes,13:30,Starten 2:14 · Halvveis 6:27 · Trappene 11:57 · FV 12:49,Menn 40-44 år,13,13:58,13:58,2021,True,-0:28,2026-09-25T15:09:29.81,5:30,2:14
Mann,David Hope Solberg,13:36,Starten 2:20 · Halvveis 6:44 · Trappene 12:06 · FV 12:57,Menn 18-34 år,1,,,,False,,2026-09-25T15:06:35.65,5:22,2:20
Mann,Jakob Aarekol,13:49,Starten 2:25 · Halvveis 6:35 · Trappene 12:04 · FV 13:00,Menn 35-39 år,12,11:04,11:04,2016,False,+2:45,2026-09-25T15:10:48.21,5:29,2:25
Mann,Hallvard Oen,13:51,Starten 2:30 · Halvveis 6:37 · Trappene 12:06 · FV 12:51,Menn 55-59 år,1,,,,False,,2026-09-25T15:08:00.85,5:29,2:30
Mann,Olve Gauteplass,13:52,Start 0:01 · Starten 2:16 · Halvveis 6:40 · Trappene 12:13 · FV 13:06,Menn 35-39 år,7,13:12,13:12,2019,False,+0:40,2026-09-25T15:10:11.71,5:33,2:16
Mann,Matthew Adams,13:58,Starten 2:20 · Halvveis 6:39 · Trappene 12:15 · FV 13:08,Menn 18-34 år,1,,,,False,,2026-09-25T15:07:07.51,5:36,2:20
Mann,Bjørnar Stråbø,14:06,Starten 2:24 · Halvveis 6:40 · Trappene 12:22 · FV 13:17,Menn 40-44 år,14,13:04,13:04,2022,False,+1:02,2026-09-25T15:06:25.64,5:42,2:24
Mann,Christopher Hoff,14:25,Starten 2:25 · Halvveis 7:04 · Trappene 12:45 · FV 13:42,Menn 18-34 år,5,13:18,13:18,2023,False,+1:07,2026-09-25T15:12:04.51,5:41,2:25
Mann,Eirik Instanes,14:33,Starten 2:36 · Halvveis 6:56 · Trappene 12:52 · FV 13:44,Menn 18-34 år,3,14:11,14:11,2024,False,+0:22,2026-09-25T15:09:42.11,5:56,2:36
Mann,Henning Vardøy,14:41,Start 0:01 · Starten 2:23 · Halvveis 6:52 · Trappene 12:44 · FV 13:44,Menn 35-39 år,1,,,,False,,2026-09-25T15:08:40.93,5:52,2:23
Mann,Gastan Miran,14:45,Starten 2:18 · Halvveis 6:54 · Trappene 13:00 · FV 13:49,Menn 18-34 år,1,,,,False,,2026-09-25T15:08:04.47,6:06,2:18
Mann,Sverre Håkonsen,14:45,Starten 2:39 · Halvveis 7:08 · Trappene 13:00 · FV 13:51,Menn 18-34 år,5,14:21,14:21,2021,False,+0:24,2026-09-25T15:07:14.07,5:52,2:39
Mann,Stian Pedersen,14:47,Starten 2:11 · Halvveis 6:36 · Trappene 12:56 · FV 13:55,Menn 18-34 år,1,,,,False,,2026-09-25T15:05:36.8,6:20,2:11
Mann,Vegard Otterlei,14:48,Starten 2:30 · Halvveis 6:58 · Trappene 13:03 · FV 14:03,Menn 35-39 år,13,11:22,11:22,2019,False,+3:26,2026-09-25T15:11:17.7,6:05,2:30
Mann,Fredrik Andre Hansen,14:53,Starten 2:33 · Halvveis 7:03 · Trappene 12:57 · FV 13:57,Pluss 90kg,10,13:40,13:40,2008,False,+1:13,2026-09-25T15:11:42.3,5:54,2:33
Mann,Ole-Anders Storli,15:01,Starten 2:37 · Halvveis 7:16 · Trappene 13:08 · FV 14:07,Menn 45-49 år,1,,,,False,,2026-09-25T15:07:50.43,5:52,2:37
Mann,Terje Espeland,15:10,Starten 2:42 · Halvveis 7:19 · Trappene 13:28 · FV 14:31,Menn 45-49 år,16,13:41,13:41,2009,False,+1:29,2026-09-25T15:09:59.93,6:09,2:42
Mann,Trygve Alexander Lende,15:17,Starten 2:14 · Halvveis 7:14 · Trappene 13:41 · FV 14:36,Menn 35-39 år,2,16:08,16:08,2025,True,-0:51,2026-09-25T15:05:26.2,6:27,2:14
Mann,Thorstein Holtskog,15:23,Starten 2:20 · Halvveis 6:54 · Trappene 13:29 · FV 14:26,Menn 40-44 år,2,15:46,15:46,2025,True,-0:23,2026-09-25T15:10:52.99,6:35,2:20
Mann,Øystein Austrheim,15:28,Starten 2:22 · Halvveis 7:04 · Trappene 13:24 · FV 14:17,Menn 35-39 år,14,15:13,15:13,2019,False,+0:15,2026-09-25T15:05:07.46,6:20,2:22
Mann,Raymond Vika,15:41,Starten 2:34 · Halvveis 7:26 · Trappene 13:47 · FV 14:40,Menn 40-44 år,5,12:04,12:04,2011,False,+3:37,2026-09-25T15:09:20.26,6:21,2:34
Mann,Sjur Georg Mæland,15:45,Starten 2:39 · Halvveis 7:37 · Trappene 13:53 · FV 14:52,Menn 60-64 år,26,10:58,10:58,2007,False,+4:47,2026-09-25T15:10:44.67,6:16,2:39
Mann,Bjørn Christian Kvisvik,15:51,Starten 2:46 · Halvveis 7:38 · Trappene 13:56 · FV 14:56,Menn 50-54 år,14,12:56,12:56,2016,False,+2:55,2026-09-25T15:08:30.97,6:18,2:46
Mann,Fredrik Andresen,15:56,Starten 2:17 · Halvveis 6:39 · Trappene 13:44 · FV 14:45,Menn 18-34 år,1,,,,False,,2026-09-25T15:11:35.63,7:05,2:17
Mann,Lars Kracht,16:11,Starten 2:50 · Halvveis 7:42 · Trappene 14:09 · FV 14:57,Menn 45-49 år,7,14:58,14:58,2019,False,+1:13,2026-09-25T15:03:00.55,6:27,2:50
Mann,Øyvind Thomassen,16:11,Starten 2:34 · Halvveis 7:45 · Trappene 14:14 · FV 15:15,Menn 40-44 år,9,14:26,14:26,2014,False,+1:45,2026-09-25T15:09:40.89,6:29,2:34
Mann,Erik Tønseth Bendiksen,16:23,Starten 3:03 · Halvveis 8:02 · Trappene 14:28 · FV 15:27,Menn 18-34 år,6,13:12,13:12,2018,False,+3:11,2026-09-25T15:08:02.74,6:26,3:03
Mann,Øystein Lønning,16:24,Starten 2:41 · Halvveis 7:36 · Trappene 14:20 · FV 15:14,Menn 40-44 år,6,15:03,15:03,2021,False,+1:21,2026-09-25T15:07:43.85,6:44,2:41
Mann,Kim Christensen,16:33,Starten 2:43 · Halvveis 7:52 · Trappene 14:26 · FV 15:28,Menn 35-39 år,7,15:33,15:33,2019,False,+1:00,2026-09-25T15:11:02.49,6:34,2:43
Mann,Sverre Olav Gjerløw,16:41,Starten 2:47 · Halvveis 7:41 · Trappene 14:25 · FV 15:29,Menn 55-59 år,1,,,,False,,2026-09-25T15:03:40.89,6:44,2:47
Mann,Knut Fosse,16:43,Starten 3:03 · Halvveis 8:07 · Trappene 14:33 · FV 15:29,Menn 70-74 år,15,13:56,13:56,2014,False,+2:47,2026-09-25T15:06:32.46,6:26,3:03
Mann,Erik Velure Selliken,17:03,Starten 2:39 · Halvveis 7:53 · Trappene 14:51 · FV 15:53,Menn 35-39 år,11,11:31,11:31,2016,False,+5:32,2026-09-25T15:08:02.95,6:58,2:39
Mann,Anders Lund Mathiasen,17:07,Starten 3:00 · Halvveis 8:04 · Trappene 14:52 · FV 15:52,Menn 45-49 år,1,,,,False,,2026-09-25T14:59:56.55,6:48,3:00
Mann,Eirik Gravdal,17:34,Start 0:01 · Starten 2:51 · Halvveis 8:09 · Trappene 15:32 · FV 16:40,Menn 45-49 år,1,,,,False,,2026-09-25T15:04:43.94,7:23,2:51
Mann,Kjetil-André Nord,17:48,Starten 2:55 · Halvveis 8:15 · Trappene 15:30 · FV 16:40,Menn 35-39 år,4,13:50,13:50,2023,False,+3:58,2026-09-25T15:14:27.95,7:15,2:55
Mann,Eirik Åkre,18:04,Starten 2:48 · Halvveis 8:14 · Trappene 15:46 · FV 16:53,Menn 18-34 år,7,14:37,14:37,2010,False,+3:27,2026-09-25T15:07:03.95,7:32,2:48
Mann,René Lund Hansen,18:24,Starten 3:00 · Halvveis 8:29 · Trappene 16:08 · FV 17:14,Pluss 90kg,1,,,,False,,2026-09-25T15:04:33.84,7:39,3:00
Mann,Oskar Stokvik,18:26,Starten 2:49 · Halvveis 8:30 · Trappene 16:01 · FV 17:23,Menn 35-39 år,3,16:02,16:02,2023,False,+2:24,2026-09-25T15:10:35.59,7:31,2:49
Mann,Christian Nilsen,19:00,Starten 3:10 · Halvveis 8:49 · Trappene 16:38 · FV 17:49,Menn 40-44 år,1,,,,False,,2026-09-25T14:58:59.18,7:49,3:10
Mann,Erling Søyland,19:08,Starten 2:48 · Halvveis 8:22 · Trappene 16:23 · FV 17:42,Menn 50-54 år,1,,,,False,,2026-09-25T15:11:07.35,8:01,2:48
Mann,Gerard Dam,19:15,Starten 3:16 · Halvveis 8:54 · Trappene 16:43 · FV 17:52,Menn 50-54 år,4,18:53,18:53,2023,False,+0:22,2026-09-25T15:03:54.85,7:49,3:16
Mann,Tim Garmann Fadnes,19:43,Starten 3:32 · Halvveis 9:46 · Trappene 17:30 · FV 18:31,Gutter 12-14 år,3,19:38,19:38,2025,False,+0:05,2026-09-25T15:05:22.87,7:44,3:32
Mann,Jan-Vidar Markussen,19:45,Start 0:01 · Starten 3:27 · Halvveis 9:41 · Trappene 17:27 · FV 18:37,Menn 60-64 år,1,,,,False,,2026-09-25T15:01:54.31,7:46,3:27
Mann,Magnus Eileraas,19:50,Starten 3:40 · Halvveis 9:55 · Trappene 17:45 · FV 18:42,Menn 18-34 år,1,,,,False,,2026-09-25T15:01:19.41,7:50,3:40
Mann,Anders Rosnes,19:51,Starten 3:11 · Halvveis 9:07 · Trappene 17:17 · FV 18:38,Menn 35-39 år,5,16:10,16:10,2018,False,+3:41,2026-09-25T15:11:20.43,8:10,3:11
Mann,Erik Rognaldsen,20:11,Starten 3:20 · Halvveis 9:39 · Trappene 17:42 · FV 18:53,Pluss 90kg,2,18:54,18:54,2024,False,+1:17,2026-09-25T15:02:10.22,8:03,3:20
Mann,Torleiv Hjortland,21:10,Starten 2:56 · Halvveis 9:14 · Trappene 18:12 · FV 19:40,Menn 50-54 år,11,16:10,16:10,2014,False,+5:00,2026-09-25T15:06:29.35,8:58,2:56
Mann,Kristian Dalen,21:16,Starten 3:26 · Halvveis 9:52 · Trappene 18:23 · FV 19:41,Menn 55-59 år,2,22:39,22:39,2025,True,-1:23,2026-09-25T15:08:45.9,8:31,3:26
Mann,Martin Bakke,21:43,Starten 2:38 · Halvveis 9:26 · Trappene 19:03 · FV 20:21,Menn 18-34 år,1,,,,False,,2026-09-25T15:12:02.73,9:37,2:38
Mann,Espen Opsahl,22:02,Starten 2:22 · Halvveis 9:50 · Trappene 18:56 · FV 20:42,Menn 18-34 år,1,,,,False,,2026-09-25T15:10:41.81,9:06,2:22
Mann,Lars Ødemark,22:10,Starten 3:37 · Halvveis 10:18 · Trappene 19:26 · FV 20:50,Menn 45-49 år,5,19:26,19:26,2022,False,+2:44,2026-09-25T15:06:09.44,9:08,3:37
Mann,Stormark Preben,23:24,Starten 3:42 · Halvveis 10:18 · Trappene 20:25 · FV 21:51,Pluss 90kg,2,23:40,23:40,2025,True,-0:16,2026-09-25T15:07:03.07,10:07,3:42
Mann,Kjartan Brekkå,23:52,Starten 3:40 · Halvveis 10:43 · Trappene 20:42 · FV 22:12,Pluss 90kg,7,21:08,21:08,2025,False,+2:44,2026-09-25T15:05:11.79,9:59,3:40
Mann,Olav Valderhaug Bakke,24:13,Starten 2:44 · Halvveis 9:53 · Trappene 20:49 · FV 22:46,Menn 18-34 år,1,,,,False,,2026-09-25T15:12:02.31,10:56,2:44
Mann,Trygve Solløs,24:29,Start 0:01 · Starten 2:38 · Halvveis 10:18 · Trappene 20:31 · FV 23:16,Menn 55-59 år,1,,,,False,,2026-09-25T15:14:58.24,10:13,2:38
Mann,Philip Trætteberg,25:12,Start 0:01 · Starten 3:45 · Halvveis 10:37 · Trappene 21:42 · FV 23:17,Menn 18-34 år,2,22:52,22:52,2024,False,+2:20,2026-09-25T15:09:31.14,11:05,3:45
Mann,Christian Steen,25:49,Starten 3:30 · Halvveis 11:05 · Trappene 22:31 · FV 24:01,Menn 40-44 år,1,,,,False,,2026-09-25T15:08:28.78,11:26,3:30
Mann,Ricardo Villares,26:41,Starten 3:17 · Halvveis 11:11 · Trappene 23:19 · FV 24:36,Menn 45-49 år,1,,,,False,,2026-09-25T15:15:30.42,12:08,3:17
Mann,Arvid Walskaar,,,Menn 65-69 år,0,,,,False,,,,
Mann,Bjørn Rune Lunde,,,Pluss 90kg,0,,,,False,,,,
Mann,Dag Nyhammer,,,Menn 18-34 år,2,13:39,13:39,2019,False,,,,
Mann,Hermund Eide,,,Menn 35-39 år,0,,,,False,,,,
Mann,Jan Øyvind Foldnes,,,Menn 40-44 år,10,16:55,16:55,2016,False,,,,
Mann,Jørgen Djupegot,,,Menn 18-34 år,5,11:51,11:51,2023,False,,,,
Mann,Kristoffer Tungland,,Start 4:52,Pluss 90kg,12,13:07,13:07,2012,False,,,,
Mann,Kyrre Kolstad,,,Pluss 90kg,1,19:07,19:07,2024,False,,,,
Mann,Lasse Øien,,,Pluss 90kg,0,,,,False,,,,
Mann,Mats Heiberg,,,Menn 18-34 år,2,15:09,15:09,2024,False,,,,
Mann,Odd Sverre Larsen,,,Menn 60-64 år,0,,,,False,,,,
Mann,Ole Christian Nærbø,,,Menn 40-44 år,5,14:16,14:16,2023,False,,,,
Mann,Rune Teigland,,,Pluss 90kg,0,,,,False,,,,
Mann,Sverre Lønning,,,Menn 35-39 år,0,,,,False,,,,
